Name,Symbol
Kambria,KAT
Wrapped Dogecoin,WDOGE
POLKER,PKR
Arcona,ARCONA
Castle of Blackwater,COBE
Heroes Chained,HEC
Crypto Sports Network,CSPN
Gunstar Metaverse,GSTS
Legends of Elysium,LOE
YFDAI.FINANCE,YF-DAI
Twinci,TWIN
IQ Protocol,IQT
MMOCoin,MMO
Dingocoin,DINGO
CryptoTanks,TANK
Make America Based Again,MABA
Sekuya Multiverse,SKYA
Binemon,BIN
XMON,XMON
Artisse,CATHEON
GoCrypto Token,GOC
Mars Battle,SHOOT
FaraLand,FARA
Warena,RENA
Alvara Protocol,ALVA
MeowCat,MEOW
Pussy Financial,PUSSY
Step Hero,HERO
Based Shiba Inu,BSHIB
Bitspawn,SPWN
BEMIL Coin,BEM
Meme Cup,MEMECUP
Neurotoken,NTK
RealFevr,FEVR
AirNFTs,AIRT
Refinable,FINE
Loser Coin,LOWB
Ubex,UBEX
Aion,AION
My Master War,MAT
Memetic / PepeCoin,MEME
ASPO World,ASPO
Metaverse Face,MEFA
Exverse,EXVG
Gary Banking,GB
Blockchain Monster Hunt,BCMC
WOOF,WOOF
ApeBond,ABOND
Connectome,CNTM
XCarnival,XCV
DOGGY,DOGGY
Cirus Foundation,CIRUS
Wall Street Games,WSG
Monsterra (MSTR),MSTR
The Dons,DONS
FOMO BULL CLUB,FOMO
Aimedis (new),AIMX
ROD.AI,RODAI
EncrypGen,DNA
GameCredits,GAME
TRAVA.FINANCE,TRAVA
X,X
Lithium,LITH
Binamon,BMON
Revolve Games,RPG
Ninneko,NINO
Cat Token,CAT
Fabwelt,WELT
Rune,RUNE
Meme Alliance,MMA
The Crypto Prophecies,TCP
NFTb,NFTB
Idena,IDNA
Donkey King,DOKY
SNOOPYBABE,SBABE
Mist,MIST
Planet Mojo,MOJO
Forest Knight,KNIGHT
MetamonkeyAi,MMAI
Unix Gaming,UNIX
Elemon,ELMON
Defina Finance,FINA
Chain of Legends,CLEG
ROCKI,ROCKI
MetaShooter,MHUNT
Pawtocol,UPI
Acquire.Fi,ACQ
Lyra,LYRA
Genesis Worlds,GENESIS
MAGE,MAGE
DinoX,DNXC
Mochi Market,MOMA
Tate Stop,TME
PolkaWar,PWAR
Catman,CATMAN
CatSolHat,SOLCAT
GuildFi,GF
Uno Re,UNO
HEROcoin,PLAY
Bird.Money,BIRD
LABS Group,LABS
SafeMoon Inu,SMI
BullBear AI,AIBB
DOGWIFHOOD,WIF
Ryoshi Token,RYOSHI
DOSE,DOSE
Eggdog,EGG
Raze Network,RAZE
The HUSL,HUSL
Kingdomverse,KING
Shib Original Vision,SOV
404Aliens,404A
Veloce,VEXT
Token IN,TIN
Carlo,CARLO
RUSH COIN,RUSH
Ojamu,OJA
Garlicoin,GRLC
Nemesis Downfall,ND
OceanEx Token,OCE
FEAR,FEAR
NAOS Finance,NAOS
SHILL Token,SHILL
Playermon,PYM
Papi,PAPI
Refereum,RFR
Protocol Monsters,PMON
DeFrogs,DEFROGS
NeverSurrenderOne's,NSO
Wall Street Games (old),WSG
CryptoTycoon,CTT
BetU,BETU
CryptoBlades,SKILL
Long,LONG
Elpis Battle,EBA
Rainbow Token,RBW
Papu Token,PAPU
Bowled.io,BWLD
KING,KING
Minu,MINU
Wizardia,WZRD
Caitlyn Jenner (ETH),JENNER
Captain Tsubasa,TSUGT
Mars Token,MRST
Carbon,CARBON
Eldarune,ELDA
WaifuAI,WFAI
BABYTRUMP,BABYTRUMP
All In,ALLIN
Oggy Inu (BSC),OGGY
Kangal,KANGAL
STARSHIP,STARSHIP
Era Token (Era7),ERA
DOGEMOB,DOGEMOB
Neurashi,NEI
Green Shiba Inu [New],GINUX
Coinye West,COINYE
aiRight,AIRI
REKT,$REKT
Hawk Tuah,HAWKTUAH
Sonic The Goat,GOAT
MetaFighter,MF
Dreams Quest,DREAMS
TheForce Trade,FOC
Kryptomon,KMON
MintMe.com Coin,MINTME
SkinCoin,SKIN
Kaby Arena,KABY
ChainGuardians,CGG
Ekta,EKTA
Dawn Protocol,DAWN
King Shiba,KINGSHIB
Dogeswap,DOGES
Gemach,GMAC
OneRare Foodverse,ORARE
Cryptopolis,CPO
Oggy Inu (ETH),OGGY
Dragonball Z Tribute,DBZ
CZ THE GOAT,CZGOAT
KEK,KEKE
VisionGame,VISION
Solzilla,SOLZILLA
COGI,COGI
Nutcoin,NUT
The QWAN,QWAN
AIgentX,AIX
KittenWifHat,KITTENWIF
Nvidia Inu,NINU
